{"data":  [{
    "id": 1,
    "name": "Bulbasaur",
    "type": [
      "Grass",
      "Poison"
    ]
  },
  {
    "id": 2,
    "name": "Ivysaur",
    "type": [
      "Grass",
      "Poison"
    ]
  },
  {
    "id": 3,
    "name": "Venusaur",
    "type": [
      "Grass",
      "Poison"
    ]
  },
  {
    "id": 4,
    "name": "Charmander",
    "type": [
      "Fire"
    ]
  },
  {
    "id": 5,
    "name": "Charmeleon",
    "type": [
      "Fire"
    ]
  },
  {
    "id": 6,
    "name": "Charizard",
    "type": [
      "Fire",
      "Flying"
    ]
  },
  {
    "id": 7,
    "name": "Squirtle",
    "type": [
      "Water"
    ]
  },
  {
    "id": 8,
    "name": "Wartortle",
    "type": [
      "Water"
    ]
  },
  {
    "id": 9,
    "name": "Blastoise",
    "type": [
      "Water"
    ]
  }
]}